url_path,views_total,views_unique
/NBICLAB/OPT-GAN/tree/main/Code%20of%20OPT-GAN,7,4
/NBICLAB/OPT-GAN/blob/main/Code%20of%20OPT-GAN/OPTGAN.py,5,3
/NBICLAB/OPT-GAN/tree/main/Examples/example_neep,5,1
/NBICLAB/OPT-GAN/tree/main/Examples/example_neep/datasets,5,1
/NBICLAB/OPT-GAN/blob/main/Code%20of%20OPT-GAN/OPTGAN_model.py,4,2
/NBICLAB/OPT-GAN,3,3
/NBICLAB/OPT-GAN/blob/main/Code%20of%20OPT-GAN/Variable.py,3,2
/NBICLAB/OPT-GAN/tree/main/Examples/example_neep/datasets/train,3,1
/NBICLAB/OPT-GAN/tree/main/supplementary%20material,3,1
/NBICLAB/OPT-GAN/blob/main/Examples/example_neep/datasets/train/F1.txt,2,1
